rank,app_id,name,url,review_count,rating_shown,rating_computed,pct_1_2,total_12m,negatives_12m,method,total,demand,pain,recent_pain,momentum,recurrence,buildability,neglect
1,banner-slider,SmartBN: Banner Slider ,https://apps.shopify.com/banner-slider,52,3.2,4.3269,15.38,1,1,exact,0.8297,0.429,0.1538,1.0,1.0,1.0,1.0,1.0
2,google-tag-manager-installer,Easy Tag ‑ GTM & Data Layer,https://apps.shopify.com/google-tag-manager-installer,77,3.8,4.5974,10.39,3,2,exact,0.7811,0.4716,0.1039,0.6667,1.0,1.0,1.0,1.0
3,sendowl,SendOwl,https://apps.shopify.com/sendowl,91,3.4,3.8022,29.67,2,2,exact,0.7531,0.4898,0.2967,1.0,0.0,1.0,1.0,1.0
4,pricing-by-quantity,Amai Upsell+ Volume Discounts,https://apps.shopify.com/pricing-by-quantity,139,4.2,4.2518,16.55,1,1,exact,0.7469,0.5358,0.1655,1.0,0.0,1.0,1.0,1.0
5,pix-background-remover, PIX ‑ Image Optimizer,https://apps.shopify.com/pix-background-remover,85,3.7,4.3765,14.12,2,2,exact,0.7365,0.4824,0.1412,1.0,0.0,1.0,1.0,1.0
6,variantimagegrouper,Variant Image Penguin,https://apps.shopify.com/variantimagegrouper,59,3.6,4.2542,15.25,2,2,exact,0.7317,0.4427,0.1525,1.0,0.0,1.0,1.0,1.0
7,product-discount,Bold Discounts ‑ Flash Sales,https://apps.shopify.com/product-discount,504,4.0,4.2202,16.87,6,5,estimated,0.7311,0.6756,0.1687,0.8333,0.679,0.6,1.0,1.0
8,price-sale-price-manager,Wi Flash Sale & Price Discount,https://apps.shopify.com/price-sale-price-manager,58,3.9,4.4655,13.79,1,1,exact,0.7299,0.4409,0.1379,1.0,0.0,1.0,1.0,1.0
9,coming-soon-products,PreCom ‑ coming soon preorders,https://apps.shopify.com/coming-soon-products,63,4.0,4.4444,11.11,1,1,exact,0.7286,0.4498,0.1111,1.0,0.0,1.0,1.0,1.0
10,accessibility-enabler-increase-sales-with-disability-friendly-site,Accessibility Enabler AW,https://apps.shopify.com/accessibility-enabler-increase-sales-with-disability-friendly-site,74,4.4,4.5676,10.81,8,1,exact,0.6997,0.4673,0.1081,0.125,1.0,1.0,1.0,1.0
11,tawk-to,tawk.to Live Chat,https://apps.shopify.com/tawk-to,89,3.6,4.0,23.6,3,2,exact,0.6967,0.4873,0.236,0.6667,1.0,0.5,1.0,1.0
12,quickbooks-online,Bold QuickBooks Sync Pro,https://apps.shopify.com/quickbooks-online,168,3.2,3.3274,38.69,3,3,exact,0.6921,0.5563,0.3869,1.0,0.0,1.0,0.6,1.0
13,cozy-gallery,Cozy Image Gallery,https://apps.shopify.com/cozy-gallery,206,3.1,4.2573,17.48,2,1,exact,0.6792,0.5785,0.1748,0.5,0.0,1.0,1.0,1.0
14,multi-feed-for-google-shopping-xml, Casa Google Shopping Feed,https://apps.shopify.com/multi-feed-for-google-shopping-xml,229,4.5,4.4934,12.23,7,4,exact,0.6704,0.59,0.1223,0.5714,0.3395,1.0,1.0,0.5
15,powr-image-slider,POWR Image Slider & Carousel,https://apps.shopify.com/powr-image-slider,104,4.1,4.2692,13.46,10,2,exact,0.6691,0.5043,0.1346,0.2,1.0,1.0,1.0,0.5
16,marsello,"Marsello: Loyalty, Email, SMS",https://apps.shopify.com/marsello,162,4.2,4.3889,12.35,3,1,exact,0.6652,0.5524,0.1235,0.3333,1.0,1.0,0.6,1.0
17,emotive, Emotive: SMS Marketing,https://apps.shopify.com/emotive,94,4.0,4.3404,14.89,2,2,exact,0.6589,0.4933,0.1489,1.0,0.0,1.0,0.6,1.0
18,buy-button,Buy Button channel,https://apps.shopify.com/buy-button,194,3.8,3.7577,21.13,3,1,exact,0.6569,0.572,0.2113,0.3333,0.0,1.0,1.0,1.0
19,discount-manager,Amai Bulk Discount & Sales,https://apps.shopify.com/discount-manager,123,3.8,3.7724,27.64,3,1,exact,0.656,0.5225,0.2764,0.3333,0.0,1.0,1.0,1.0
20,afterpay-messaging,Afterpay On‑Site Messaging,https://apps.shopify.com/afterpay-messaging,54,3.0,2.4074,64.81,8,4,exact,0.6548,0.4331,0.6481,0.5,0.0,0.75,1.0,1.0
